id,username,password,name,picture,activity level,food level,recovery level,activity goal,food goal,recovery goal
1,fitfan01,Strong@2024,Emily Johnson,pictures/girl1.jpg,20,1560,0,120,3200,30
2,healthguru99,Workout*123,Michael Smith,pictures/guy1.jpg,100,3750,15,105,3800,65
3,cardioqueen22,Flexibility!456,Sarah Williams,pictures/girl2.jpg,5,2405,85,50,2700,105
4,yogi_bear88,Zen&789,David Brown,pictures/guy2.jpg,25,2750,30,60,3800,30
5,strengthcoach33,PowerLift$321,Jessica Taylor,pictures/girl3.jpg,30,2135,45,45,2900,65
6,gymrat54,Cardio#7890,James Anderson,pictures/guy3.jpg,25,2950,65,30,3300,75
7,nutritionista77,EatWell%2023,Amanda Martinez,pictures/girl4.jpg,20,655,50,80,3900,65
8,runforfun101,RunFast!2024,John Garcia,pictures/guy4.jpg,25,305,15,55,2300,110
9,pilateslover11,Stretch&456,Lisa Robinson,pictures/girl5.jpg,65,1525,0,75,2100,75
10,healthy_habits29,FreshStart#567,Karen Lewis,pictures/girl6.jpg,10,2270,0,75,2300,120
11,fitness_freak18,FitLife@123,Brian Hall,pictures/guy5.jpg,0,2580,5,45,3600,30
12,weightloss_wiz44,SlimDown$789,Angela Young,pictures/girl7.jpg,5,2485,35,40,3700,95
13,workout_warrior77,Tough@2024,Timothy King,pictures/guy6.jpg,25,1310,75,40,3000,90
14,zenmaster45,Calm*1234,Sophia Wright,pictures/girl8.jpg,20,1785,55,30,2100,70
15,powerlifter99,HeavyLift&321,Daniel Lee,pictures/guy7.jpg,80,1610,35,110,2900,110
16,runner_girl12,RunStrong%456,Melissa Turner,pictures/girl9.jpg,50,1695,55,50,3000,120
17,yogawonder34,Yoga4Life!789,Jessica White,pictures/girl10.jpg,65,840,0,120,3300,40
18,cardio_connoisseur,HeartRate$123,Christopher Scott,pictures/guy8.jpg,35,655,15,50,3800,35
19,strength_enthusiast,Iron@2023,Patricia Hill,pictures/girl11.jpg,0,1095,75,110,2900,105
20,gymbuddy88,GymTime#456,Kevin Scott,pictures/guy9.jpg,0,845,15,30,2100,55
21,fitspiration2023,Inspire*789,Megan Adams,pictures/girl12.jpg,15,2240,40,65,2300,45
22,active_adventurer,Explore@321,Laura Green,pictures/girl13.jpg,50,295,80,105,2400,90
23,wellness_warrior,Heal!2024,Charles Walker,pictures/guy10.jpg,25,195,40,40,1800,60
24,cycling_champ101,BikeFast&456,Sarah Evans,pictures/girl14.jpg,30,695,60,110,3700,75
25,fitness_junkie55,Cardio@7890,Jonathan Hall,pictures/guy11.jpg,40,955,40,105,3800,105
26,mindful_mover42,Balance$1234,Lisa Campbell,pictures/girl15.jpg,30,435,70,115,2000,75
27,healthy_hustler44,Hustle&456,Aaron Clark,pictures/guy12.jpg,45,30,25,70,2800,55
28,fitfamily88,Together@2024,Michelle Nelson,pictures/girl16.jpg,10,910,50,45,3700,65
29,strong_sister11,SisterPower%789,Emily Carter,pictures/girl17.jpg,50,890,55,60,2500,75
30,cardio_king22,Sprint!123,Steven Lewis,pictures/guy13.jpg,35,80,75,70,1600,95
31,wellness_whiz29,Wellness*2024,Angela Martinez,pictures/girl18.jpg,50,1570,10,75,3900,50
32,nutrition_ninja66,Foodie@456,Jessica Perez,pictures/girl19.jpg,20,305,55,105,2000,55
33,power_pants101,LiftHeavy#789,Ashley Bennett,pictures/girl20.jpg,90,1625,25,90,3000,45
34,running_royalty77,Run&Smile$321,William Mitchell,pictures/guy14.jpg,70,770,45,80,2400,60
35,yogini23,Mindful!1234,Sophia Young,pictures/girl21.jpg,30,2750,45,30,3000,120
36,fit_enthusiast22,Healthy&456,Alexander Johnson,pictures/guy15.jpg,40,2790,30,40,3700,80
37,gym_goddess44,Goddess@2023,Rachel Hill,pictures/girl22.jpg,30,2550,10,45,2900,110
38,fitness_fanatic,Fanatic#789,Christina Lee,pictures/girl23.jpg,5,1585,35,65,3900,65
39,wellness_lover18,LoveLife%321,Kimberly Taylor,pictures/girl24.jpg,15,610,90,120,1700,120
40,muscle_master12,Master!456,Kevin Garcia,pictures/guy16.jpg,15,2125,40,75,3300,50
41,running_hero33,Hero@7890,Nathan Roberts,pictures/guy17.jpg,5,880,40,105,2000,40
42,holistic_hiker21,HikeStrong*2024,Olivia Sanchez,pictures/girl25.jpg,35,1740,40,35,1900,75
43,stretch_savant77,Stretch&1234,Sophia Kim,pictures/girl26.jpg,25,2205,10,40,3300,50
44,fit_squad55,Squad$456,Michael Robinson,pictures/guy18.jpg,85,755,20,100,1700,105
45,zen_zest45,Zesty@789,Isabella Wright,pictures/girl27.jpg,15,2860,70,50,4000,70
46,total_body_tamer,Tame@2024,Benjamin Hall,pictures/guy19.jpg,25,1785,45,70,3200,75
47,strong_legacy66,Legacy%1234,Ava Anderson,pictures/girl28.jpg,95,380,15,110,2800,95
48,fit_for_life77,ForLife!2023,Jackson Moore,pictures/guy20.jpg,35,1550,75,100,2700,75
49,workout_wizard11,Wizard*456,Charlotte Lewis,pictures/girl29.jpg,0,2895,50,105,3400,120
50,cardio_conqueror,Conquer!789,Henry Thompson,pictures/guy21.jpg,15,1635,5,30,2000,90